Rank,Kp,Ki,Kd,Max Error,Hull Max Y Error,Overshoot,Rise Time,Settling Time
1,1.0,0.05,10.0,0.8497173336660411,1.0048014686271838,84.97173336660411,0.0,30.0
2,1.0,0.05,7.75,0.8610763574804385,1.0060200435850404,86.10763574804385,0.0,30.0
3,1.0,0.05,5.5,0.8723086389392476,1.0082470507920807,87.23086389392476,0.0,30.0
4,1.25,0.05,10.0,0.9083997467695564,1.0101715662202166,90.83997467695563,0.0,30.0
5,1.25,0.05,7.75,0.9221481026943608,1.0132608862647379,92.21481026943607,0.0,30.0
